Model,Accuracy,Precision,Recall,F1-Score,ROC-AUC
Pair XGBoost,0.9323232323232323,0.9463655610444601,0.9147339699863575,0.9302809573361083,0.9831629637927781
