Category,Importance
2nd-path (PEAK2_*),0.022028346545994282
CIR waveform,0.5773680876009166
Core physical,0.4006035658530891
